ID,Title,Highlights Supported?,Fully Optimized?,Steam Url,Publisher,Genre,Status
100031911,7 Days to Die,N,Y,https://store.steampowered.com/app/251570,The Fun Pimps Entertainment LLC,Action,1
100251911,A Plague Tale: Innocence,N,N,https://store.steampowered.com/app/752590,Focus Home Interactive,Action,1
100129011,Absolver,Y,N,https://store.steampowered.com/app/473690,Devolver Digital,Action,1
100184111,ACE COMBAT™ 7: SKIES UNKNOWN,N,N,https://store.steampowered.com/app/502500,BANDAI NAMCO Studio Inc.,Simulation,1
100350211,Age of Wonders III,N,N,https://store.steampowered.com/app/226840,Paradox Interactive,Strategy,1
100361111,Age of Wonders: Planetfall,N,N,https://store.steampowered.com/app/718850,Paradox Interactive,Strategy,1
100365811,AI: The Somnium Files,N,N,https://store.steampowered.com/app/948740,"Spike Chunsoft Co., Ltd.",Adventure,1
18107911,Aion™,N,N,,NCSOFT,Action,1
100005211,Albino Lullaby: Episode 1,N,N,https://store.steampowered.com/app/355860,Ape Law,Indie,1
100334011,Albion Online,N,N,https://store.steampowered.com/app/761890,Sandbox Interactive GmbH,Role Playing,1
100313411,Amazing Cultivation Simulator / 了不起的修仙模拟器,N,N,https://store.steampowered.com/app/955900,Gamera Game,Simulation,1
17948311,American Truck Simulator,N,N,https://store.steampowered.com/app/270880,SCS Software,Indie,1
100220311,Ancestors Legacy,N,N,https://store.steampowered.com/app/620590,1C Company,Strategy,1
100261311,Anno 1800™,N,N,,Ubisoft,Simulation,1
100331611,Anno 1800™,N,N,,,Strategy,1
100261411,Anno 1800™,N,N,https://store.steampowered.com/app/916440,Ubisoft,Simulation,1
100227611,AO International Tennis,N,N,https://store.steampowered.com/app/758410,Big Ant Studios,Sports,1
100272911,Apex Legends™,N,Y,,Electronic Arts Inc.,Massively Multiplayer Online,1
16032111,Apollo 11 Lunar Landing Demo,N,N,,NVIDIA,Simulation,1
100079511,Argo,N,Y,https://store.steampowered.com/app/530700,Bohemia Interactive,Action,1
18541011,ARK: Survival Evolved,Y,Y,https://store.steampowered.com/app/346110,Studio Wildcard,Massively Multiplayer OnlineRole Playing,1
100136611,ARK: Survival Of The Fittest,N,N,https://store.steampowered.com/app/407530,Studio Wildcard,Strategy,1
100042611,Arma 3,N,Y,https://store.steampowered.com/app/107410,Bohemia Interactive,First-Person Shooter,1
100238911,Armello,N,N,https://store.steampowered.com/app/290340,League of Geeks,Adventure,1
17948511,Armored Warfare,N,N,,My.com,Massively Multiplayer Online,1
100271411,Artifact,N,N,https://store.steampowered.com/app/583950,Valve,Casual,1
100320911,Assassin’s Creed® III Remastered,N,N,,Ubisoft,Adventure,1
100166611,Assassin’s Creed® IV Black Flag™,N,Y,https://store.steampowered.com/app/242050,Ubisoft,Adventure,1
11786111,Assassin’s Creed® IV Black Flag™,N,Y,,Ubisoft,Adventure,1
100225411,Assassin’s Creed® Odyssey,N,Y,https://store.steampowered.com/app/812140,Ubisoft,Adventure,1
100225311,Assassin’s Creed® Odyssey,N,Y,,Ubisoft,Adventure,1
100152711,Assassin’s Creed® Origins,N,Y,,Ubisoft,Adventure,1
100143211,Assassin’s Creed® Origins,N,N,https://store.steampowered.com/app/582160,Ubisoft,Adventure,1
100182811,Assassin’s Creed® Unity,N,N,https://store.steampowered.com/app/289650,Ubisoft,Adventure,1
17935011,Assassin’s Creed® Unity,N,Y,,Ubisoft,Adventure,1
100163011,Assassin’s Creed®: Syndicate,N,Y,https://store.steampowered.com/app/368500,Ubisoft,Adventure,1
17934911,Assassin’s Creed®: Syndicate,N,Y,,Ubisoft,Adventure,1
18293911,Assetto Corsa,N,N,https://store.steampowered.com/app/244210,Kunos Simulazioni,Racing,1
100214511,Assetto Corsa Competizione,N,N,https://store.steampowered.com/app/805550,505 Games,Racing,1
100489511,Asterix & Obelix XXL 3 - The Crystal Menhir,N,N,https://store.steampowered.com/app/1109690,Microids,Adventure,1
100202811,ASTRONEER,N,N,https://store.steampowered.com/app/361420,System Era Softworks,Indie,1
100250311,ATLAS,N,Y,https://store.steampowered.com/app/834910,Grapeshot Games,Massively Multiplayer Online,1
100164511,ATOM RPG,Y,N,https://store.steampowered.com/app/552620,AtomTeam,Role Playing,1
100139611,ATOMEGA™,N,N,https://store.steampowered.com/app/619880,Ubisoft,Action,1
100543011,AVICII Invector,N,N,https://store.steampowered.com/app/986800,Wired Productions,Casual,1
100127111,Batman™: Arkham Asylum Game of the Year Edition,N,N,https://store.steampowered.com/app/35140,Warner Bros. Interactive Entertainment,Action,1
100140711,Batman™: Arkham City - Game of the Year Edition,N,Y,https://store.steampowered.com/app/200260,Warner Bros. Interactive Entertainment,Action,1
100004411,Batman™: Arkham Knight,N,N,https://store.steampowered.com/app/208650,Warner Bros. Interactive Entertainment,Action,1
100195011,Batman™: Arkham Origins,N,N,https://store.steampowered.com/app/209000,Warner Bros. Interactive Entertainment,Action,1
100230611,Battlefleet Gothic: Armada 2,N,N,https://store.steampowered.com/app/573100,Focus Home Interactive,Strategy,1
100045411,Battlerite,N,N,https://store.steampowered.com/app/504370,Stunlock Studios,Action,1
100264211,Battlerite Royale,N,N,https://store.steampowered.com/app/879160,Stunlock Studios,Massively Multiplayer Online,1
100189611,Battletech,N,N,https://store.steampowered.com/app/637090,Paradox Interactive AB,Strategy,1
100163111,BeamNG.drive,N,N,https://store.steampowered.com/app/284160,BeamNG,Racing,1
100358211,Bear With Me: The Lost Robots,N,N,https://store.steampowered.com/app/1050000,Modus Games,Casual,1
100154811,Besiege,N,N,https://store.steampowered.com/app/346010,Spiderling Studios,Simulation,1
17935611,BioShock Infinite,N,N,https://store.steampowered.com/app/8870,2K Games,Role Playing,1
100196511,BioShock™ 2 Remastered,N,Y,https://store.steampowered.com/app/409720,2K Games,First-Person Shooter,1
100042811,BioShock™ Remastered,N,Y,https://store.steampowered.com/app/409710,2K Games,First-Person Shooter,1
17948611,Black Desert Online,N,Y,https://store.steampowered.com/app/582660,Kakao Games Europe B.V.,Massively Multiplayer Online,1
100407611,Black Future '88,N,N,https://store.steampowered.com/app/751820,Good Shepherd Entertainment,Indie,1
100134211,Black Squad,N,N,https://store.steampowered.com/app/550650,Neowiz Games,First-Person Shooter,1
100500611,BLACKSAD: Under the Skin,N,N,https://store.steampowered.com/app/1003890,Microids,Puzzle,1
100103011,Blackwake,N,N,https://store.steampowered.com/app/420290,Mastfire Studios Pty Ltd,Strategy,1
100358811,Blair Witch,N,N,https://store.steampowered.com/app/1092660,Bloober Team NA,Adventure,1
100219811,BlazBlue: Cross Tag Battle,N,N,https://store.steampowered.com/app/702890,Arc System Works,Action,1
100031511,Blizzard® Battle.net®,N,Y,,Blizzard Entertainment,Platform,1
100044511,Borderlands 2,N,Y,https://store.steampowered.com/app/49520,2K Games,Action,1
100152411,Borderlands 3,N,Y,,2K,Action,1
100330411,Borderlands Game of the Year Enhanced,N,N,https://store.steampowered.com/app/729040,2K,Action,1
18108411,Borderlands: The Pre-Sequel,N,N,https://store.steampowered.com/app/261640,2K Games,Action,1
100005111,Brawlhalla,N,Y,https://store.steampowered.com/app/291550,Ubisoft,Action,1
100369211,Brothers: A Tale of Two Sons,N,Y,https://store.steampowered.com/app/225080,505 Games,Puzzle,1
100218311,Call of Cthulhu®,N,N,https://store.steampowered.com/app/399810,Focus Home Interactive,Role Playing,1
100047411,Call of Duty: World at War,N,N,https://store.steampowered.com/app/10090,Activision,First-Person Shooter,1
17936211,Call of Duty® 4: Modern Warfare®,N,N,https://store.steampowered.com/app/7940,Activision,First-Person Shooter,1
100234111,Call of Duty®: Black Ops 4,N,Y,,Activision,First-Person Shooter,1
17935911,Call of Duty®: Black Ops III,N,Y,https://store.steampowered.com/app/311210,Activision,First-Person Shooter,1
100005511,Call of Duty®: Infinite Warfare,N,N,https://store.steampowered.com/app/292730,Activision,First-Person Shooter,1
100357011,Call of Duty®: Modern Warfare®,N,N,,Activision,First-Person Shooter,1
18109011,Call of Duty®: Modern Warfare® 2 Multiplayer,N,N,https://store.steampowered.com/app/10190,Activision,First-Person Shooter,1
17936111,Call of Duty®: Modern Warfare® 2 Singleplayer,N,N,https://store.steampowered.com/app/10180,Activision,First-Person Shooter,1
18109111,Call of Duty®: Modern Warfare® 3 Multiplayer,N,N,https://store.steampowered.com/app/42690,Activision,First-Person Shooter,1
18100211,Call of Duty®: Modern Warfare® 3 singleplayer,N,N,https://store.steampowered.com/app/42680,Activision,First-Person Shooter,1
100130311,Call of Duty®: WWII,Y,N,https://store.steampowered.com/app/476600,Activision,First-Person Shooter,1
100269511,CardLife: Cardboard Survival,N,N,https://store.steampowered.com/app/920690,Freejam,Massively Multiplayer Online,1
100307211,Catherine Classic,N,N,https://store.steampowered.com/app/893180,"Sega Europe, Ltd.",Adventure,1
100171711,Celeste,N,N,https://store.steampowered.com/app/504230,Matt Makes Games Inc.,Platformer,1
100365611,Chernobylite,N,N,https://store.steampowered.com/app/1016800,The Farm 51,Indie,1
100018411,Chivalry: Medieval Warfare,N,N,https://store.steampowered.com/app/219640,Torn Banner Studios,Indie,1
100034911,Cities: Skylines,N,Y,https://store.steampowered.com/app/255710,Paradox Interactive,Simulation,1
100137511,Claybook,N,N,https://store.steampowered.com/app/661920,Second Order,Platformer,1
100154511,Clicker Heroes,N,N,https://store.steampowered.com/app/363970,Playsaurus,Simulation,1
100233211,Clicker Heroes 2,N,N,https://store.steampowered.com/app/629910,Playsaurus,Arcade,1
100213011,Closers,N,N,https://store.steampowered.com/app/215830,Nexon Corporation,Massively Multiplayer Online,1
100413511,Commandos 2 - HD Remaster,N,N,https://store.steampowered.com/app/1100410,Kalypso Media Group GmbH,Strategy,1
18100311,Company of Heroes,N,N,https://store.steampowered.com/app/228200,SEGA,Strategy,1
100030011,Conan Exiles,N,Y,https://store.steampowered.com/app/440900,Funcom,Adventure,1
100523211,Conception PLUS: Maidens of the Twelve Stars,N,N,https://store.steampowered.com/app/906510,"Spike Chunsoft Co., Ltd.",Role Playing,1
100247011,Construction Simulator 2 US - Pocket Edition,N,N,https://store.steampowered.com/app/787740,astragon Entertainment GmbH,Simulation,1
100354011,Constructor Plus,N,N,https://store.steampowered.com/app/898800,System 3,Strategy,1
100295811,Cooking Simulator,N,N,https://store.steampowered.com/app/641320,Wastelands Interactive,Indie,1
100161311,Counter-Strike,N,N,https://store.steampowered.com/app/10,Valve,First-Person Shooter,1
7315111,Counter-Strike: Global Offensive,N,Y,https://store.steampowered.com/app/730,Valve Corporation,First-Person Shooter,1
18109611,Counter-Strike: Source,N,N,https://store.steampowered.com/app/240,Valve,First-Person Shooter,1
100224911,Crash Bandicoot™ N. Sane Trilogy,N,N,https://store.steampowered.com/app/731490,Activision,Platformer,1
17936711,Crossfire,N,N,,Tencent,First-Person Shooter,1
100100911,Crossout,Y,N,https://store.steampowered.com/app/386180,Gaijin Entertainment,Racing,1
100155311,Crusader Kings II,N,N,https://store.steampowered.com/app/203770,Paradox Interactive,Simulation,1
100379411,Crying Suns,N,N,https://store.steampowered.com/app/873940,Humble Bundle,Indie,1
100223411,Cuisine Royale,N,N,https://store.steampowered.com/app/884660,Gaijin Distribution KFT,Massively Multiplayer Online,1
100219911,Cultist Simulator,N,N,https://store.steampowered.com/app/718670,Humble Bundle,Strategy,1
100144311,Cuphead,N,N,https://store.steampowered.com/app/268910,StudioMDHR Entertainment Inc.,Platformer,1
100245711,Dakar 18,N,N,https://store.steampowered.com/app/767390,"Bigmoon Entertainment, Deep Silver",Racing,1
17937011,DARK SOULS™ II,N,N,https://store.steampowered.com/app/236430,BANDAI NAMCO Entertainment,Action,1
17937111,DARK SOULS™ II: Scholar of the First Sin,N,N,https://store.steampowered.com/app/335300,BANDAI NAMCO Entertainment,Role Playing,1
18109711,DARK SOULS™ III,N,Y,https://store.steampowered.com/app/374320,BANDAI NAMCO Entertainment,Role Playing,1
100197011,DARK SOULS™: REMASTERED,N,N,https://store.steampowered.com/app/570940,BANDAI NAMCO Entertainment America Inc.,Role Playing,1
100155211,Darkest Dungeon®,N,N,https://store.steampowered.com/app/262060,Red Hook Studios,Strategy,1
100208611,Darksiders II Deathinitive Edition,N,N,https://store.steampowered.com/app/388410,THQ Nordic,Action,1
100219111,Darksiders III,N,N,https://store.steampowered.com/app/606280,THQ Nordic,Action,1
100367411,DARKSIDERS: GENESIS,N,N,https://store.steampowered.com/app/710920,THQ Nordic,Action,1
100202611,Darwin Project,N,N,https://store.steampowered.com/app/544920,Scavengers Studio,Action,1
100199911,Dauntless,N,Y,,Phoenix Labs,Massively Multiplayer Online,1
100325311,Dawn of Man,N,N,https://store.steampowered.com/app/858810,Madruga Works,Indie,1
17937411,DayZ,N,N,https://store.steampowered.com/app/221100,Bohemia Interactive,First-Person Shooter
18545711,Dead by Daylight,N,Y,https://store.steampowered.com/app/381210,Starbreeze Studios,Action,1
100047211,Dead Cells,N,Y,https://store.steampowered.com/app/588650,Motion Twin,Platformer,1
100246211,Dead Frontier 2,N,N,https://store.steampowered.com/app/744900,Creaky Corpse Ltd,"Indie",1
100209411,Dead In Vinland,N,N,https://store.steampowered.com/app/573120,"Playdius, Plug In Digital",Role Playing,1
100202511,Deceit,N,N,https://store.steampowered.com/app/466240,Automaton,Action,1
100184211,Deep Rock Galactic,N,N,https://store.steampowered.com/app/548430,Coffee Stain Publishing,Action,1
100271811,Deep Sky Derelicts,N,N,https://store.steampowered.com/app/698640,1C Entertainment,Strategy,1
18278111,Deliver Us The Moon: Fortuna,N,N,https://store.steampowered.com/app/428660,Wired Productions,Indie,1
100148911,Depth,N,N,https://store.steampowered.com/app/274940,Digital Confectioners,Indie,1
100182611,Descenders,N,N,https://store.steampowered.com/app/681280,No More Robots,Racing,1
100189111,DESOLATE,N,N,https://store.steampowered.com/app/671510,HypeTrain Digital,Role Playing,1
100362311,Destiny 2,N,Y,https://store.steampowered.com/app/1085660,Bungie,First-Person Shooter,1
17937711,Diablo III,N,Y,,Blizzard Entertainment,Role Playing,1
100349511,Diesel Brothers: Truck Building Simulator,N,N,https://store.steampowered.com/app/750050,"Code Horizon, PlayWay S.A.",Racing,1
16703111,DiRT 3 Complete Edition,N,N,https://store.steampowered.com/app/321040,Codemasters,Racing,1
100047811,DiRT 4,N,Y,https://store.steampowered.com/app/421020,Codemasters,Racing,1
100229711,DiRT Rally 2.0,N,N,https://store.steampowered.com/app/690790,Codemasters,Racing,1
18100611,Dirty Bomb®,Y,N,https://store.steampowered.com/app/333930,Nexon America Inc.,First-Person Shooter,1
100480411,Disco Elysium,N,N,https://store.steampowered.com/app/632470,ZA/UM,Role Playing,1
100035311,Dishonored,N,N,https://store.steampowered.com/app/205100,Bethesda Softworks,First-Person Shooter,1
100035411,Dishonored 2,N,Y,https://store.steampowered.com/app/403640,Bethesda Softworks,First-Person Shooter,1
100133211,Dishonored®: Death of the Outsider™,N,N,https://store.steampowered.com/app/614570,Bethesda Softworks,Action,1
100100311,Distance,N,N,https://store.steampowered.com/app/233610,Refract,Racing,1
100075911,Divinity: Original Sin 2,N,Y,https://store.steampowered.com/app/435150,Larian Studios,Role Playing,1
17938011,Don't Starve,N,N,https://store.steampowered.com/app/219740,Klei Entertainment,Simulation,1
18100711,Don't Starve Together,N,N,https://store.steampowered.com/app/322330,Klei Entertainment,Adventure,1
100238311,Donut County,N,N,https://store.steampowered.com/app/702670,Annapurna Interactive,Adventure,1
100035611,DOOM®,N,Y,https://store.steampowered.com/app/379720,Bethesda Softworks,First-Person Shooter,1
100362111,Dota Underlords,N,N,https://store.steampowered.com/app/1046930,Valve,Strategy,1
100271711,Double Turn,N,N,https://store.steampowered.com/app/762680,Inwave Labs,Indie,1
18101111,Dragon Nest,N,N,,Eyedentity Games Inc.,Action,1
100289511,Dungreed,N,N,https://store.steampowered.com/app/753420,TEAM HORAY,Indie,1
100301611,DUSK,N,N,https://store.steampowered.com/app/519860,New Blood Interactive,Indie,1
100035811,Dying Light,N,Y,https://store.steampowered.com/app/239140,Warner Bros. Interactive Entertainment,First-Person Shooter,1
100204811,Dying Light: Bad Blood,N,N,https://store.steampowered.com/app/766370,Techland Sp. z o.o.,Massively Multiplayer Online,1
100366411,EARTH DEFENSE FORCE 5,N,N,https://store.steampowered.com/app/1007040,D3 PUBLISHER,Action,1
100158811,Edge Of Eternity,N,N,https://store.steampowered.com/app/269190,Playdius Entertainment,Strategy,1
100151311,ELEX,Y,N,https://store.steampowered.com/app/411300,THQ Nordic,Action,1
18101311,Elite Dangerous,N,N,https://store.steampowered.com/app/359320,Frontier Developments,Massively Multiplayer Online,1
100223211,Empyrion - Galactic Survival,N,N,https://store.steampowered.com/app/383120,Eleon Game Studios,Strategy,1
100074411,Endless Space® 2,N,N,https://store.steampowered.com/app/392110,SEGA,Strategy,1
18117111,Enter the Gungeon,N,N,https://store.steampowered.com/app/311690,Devolver Digital,Indie,1
12129111,Euro Truck Simulator 2,N,Y,https://store.steampowered.com/app/227300,SCS Software,Racing,1
100026711,Europa Universalis IV,N,N,https://store.steampowered.com/app/236850,Paradox Interactive,Strategy,1
100045111,EVE Online,N,N,,CCP,Massively Multiplayer Online,1
100412011,Everreach: Project Eden,N,N,https://store.steampowered.com/app/915670,Headup,First-Person Shooter,1
100023011,EVERSPACE™,N,N,https://store.steampowered.com/app/396750,ROCKFISH Games,Action,1
100275811,EXAPUNKS,N,Y,https://store.steampowered.com/app/716490,Zachtronics,Indie,1
100204611,F1® 2018,N,N,https://store.steampowered.com/app/737800,Codemasters,Racing,1
100323611,F1® 2019 Anniversary Edition,N,N,https://store.steampowered.com/app/928600,Codemasters,Racing,1
100061711,F1™ 2017,N,N,https://store.steampowered.com/app/515220,Codemasters,Racing,1
18294111,Factorio,N,N,https://store.steampowered.com/app/427520,Wube Software,Action,1
100162711,Fade to Silence,N,N,https://store.steampowered.com/app/706020,THQ Nordic GmbH,Role Playing,1
17939311,Fallout 3: Game of the Year Edition,N,N,https://store.steampowered.com/app/22370,Bethesda Softworks,Role Playing,1
100242311,Fallout 76,N,Y,,Bethesda Softworks LLC,"Role Playing,",1
17939211,Fallout: New Vegas,N,N,https://store.steampowered.com/app/22380,Bethesda Softworks,Role Playing,1
100162811,Far Cry® 4,N,Y,https://store.steampowered.com/app/298110,Ubisoft,First-Person Shooter,1
17939611,Far Cry® 4,N,Y,,Ubisoft,First-Person Shooter,1
100166911,Far Cry® 5,Y,Y,https://store.steampowered.com/app/552520,Ubisoft,First-Person Shooter,1
100091011,Far Cry® 5,Y,Y,,Ubisoft,First-Person Shooter,1
100263711,Far Cry® New Dawn,N,Y,,Ubisoft,First-Person Shooter,1
100263611,Far Cry® New Dawn,N,Y,https://store.steampowered.com/app/939960,Ubisoft,First-Person Shooter,1
100166811,Far Cry® Primal,N,N,https://store.steampowered.com/app/371660,Ubisoft,First-Person Shooter,1
18078311,Far Cry® Primal,N,Y,,Ubisoft,First-Person Shooter,1
100215611,FAR: Lone Sails,N,N,https://store.steampowered.com/app/609320,Mixtvision Digital,Adventure,1
100272711,Farm Together,N,N,https://store.steampowered.com/app/673950,Milkstone Studios,Simulation,1
100008211,Farming Simulator 17,N,N,https://store.steampowered.com/app/447020,Focus Home Interactive,Simulation,1
100245011,Farming Simulator 19,N,N,https://store.steampowered.com/app/787860,Focus Home Interactive,Simulation,1
100204911,Fear The Wolves,N,N,https://store.steampowered.com/app/819500,Focus Home Interactive,First-Person Shooter,1
100366511,FIA European Truck Racing Championship,N,N,https://store.steampowered.com/app/940580,Bigben Interactive,Racing,1
100324811,Fimbul,N,N,https://store.steampowered.com/app/771690,Wild River Games,Indie,1
100080811,Firewatch,N,N,https://store.steampowered.com/app/383870,Panic,Adventure,1
100239511,Five Nights at Freddy's,N,N,https://store.steampowered.com/app/319510,Scott Cawthon,Indie,1
100239611,Five Nights at Freddy's 2,N,N,https://store.steampowered.com/app/332800,Scott Cawthon,Indie,1
100134911,Football Manager 2018,N,N,https://store.steampowered.com/app/624090,SEGA,Sports,1
100238011,Football Manager 2019,N,N,https://store.steampowered.com/app/872790,SEGA,Sports,1
100134811,Football Manager Touch 2018,N,N,https://store.steampowered.com/app/624120,SEGA,Sports,1
100011411,For Honor™,N,Y,,Ubisoft,Adventure,1
100153511,For Honor™,N,Y,https://store.steampowered.com/app/304390,Ubisoft,Adventure,1
100344911,Forager,N,N,https://store.steampowered.com/app/751780,Humble Bundle,Casual,1
100171511,Forged Battalion,N,N,https://store.steampowered.com/app/686260,Team17 Digital Ltd,Indie,1
100013311,Fortnite,Y,Y,,"Epic Games, Inc",Massively Multiplayer Online,1
100319811,Foundation,N,N,https://store.steampowered.com/app/690830,Polymorph Games,Indie,1
100226011,Fractured Lands,N,N,https://store.steampowered.com/app/751240,Unbroken Studios,First-Person Shooter,1
100070011,Friday the 13th: The Game,N,Y,https://store.steampowered.com/app/438740,Gun Media,Action,1
100140411,FrostPunk,N,N,https://store.steampowered.com/app/323190,11 bit studios,Strategy,1
100311211,FrostRunner,N,N,https://store.steampowered.com/app/934840,SMU Guildhall,Action,1
100299511,FTL: Faster Than Light,N,N,https://store.steampowered.com/app/212680,Subset Games,Indie,1
100073711,Garry's Mod,N,Y,https://store.steampowered.com/app/4000,Valve,Indie,1
100267711,Generation Zero,N,N,https://store.steampowered.com/app/704270,Avalanche Studios Stockholm,Adventure,1
100363311,Gloomhaven,N,N,https://store.steampowered.com/app/780290,Asmodee Digital,Role Playing,1
100152111,Golf With Your Friends,N,N,https://store.steampowered.com/app/431240,Blacklight Interactive,Casual,1
100171311,Gravel,N,N,https://store.steampowered.com/app/558260,Milestone S.r.l.,Racing,1
100251811,GreedFall,N,N,https://store.steampowered.com/app/606880,Focus Home Interactive,Role Playing,1
100244511,Green Hell,N,N,https://store.steampowered.com/app/815370,Creepy Jar,Simulation,1
18316011,Grim Dawn,N,N,https://store.steampowered.com/app/219990,Crate Entertainment,Adventure,1
100184511,GRIP: Combat Racing,Y,N,https://store.steampowered.com/app/396900,Wired Productions,Racing,1
100171211,GTFO,N,N,https://store.steampowered.com/app/493520,10 Chambers Collective,First-Person Shooter,1
100217511,Guacamelee! 2,N,N,https://store.steampowered.com/app/534550,Drinkbox Studios,Platformer,1
17940711,Guild Wars 2,N,Y,,NCSOFT,Massively Multiplayer Online,1
100270211,GUILTY GEAR Xrd -REVELATOR-,N,N,https://store.steampowered.com/app/520440,Arc System Works,Action,1
100228211,Hacknet,N,N,https://store.steampowered.com/app/365450,Surprise Attack,Puzzle,1
18111211,Half-Life®,N,Y,https://store.steampowered.com/app/70,Valve,First-Person Shooter,1
19111,Half-Life® 2,N,Y,https://store.steampowered.com/app/220,Valve,First-Person Shooter,1
17940911,Hearthstone: Heroes of Warcraft,N,Y,,Blizzard Entertainment,Strategy,1
18544311,Hearts of Iron IV,N,N,https://store.steampowered.com/app/394360,Paradox Interactive,Simulation,1
100354411,Hell Let Loose,N,N,https://store.steampowered.com/app/686810,Team17 Digital Ltd,Simulation,1
100056111,Hellblade: Senua's Sacrifice,N,N,https://store.steampowered.com/app/414340,Ninja Theory,Indie,1
18102511,Heroes of Newerth,N,N,,Frostburn Studios,Indie,1
17941011,Heroes of the Storm,N,Y,,Blizzard Entertainment,Multiplayer Online Battle Arena,1
18111711,HITMAN™,N,N,https://store.steampowered.com/app/236870,IO Interactive A/S,Action,1
100214311,HITMAN™2,N,N,https://store.steampowered.com/app/863550,Warner Bros Interactive Entertainment,Action,1
100299411,Hobo: Tough Life,N,N,https://store.steampowered.com/app/632300,Perun Creative,Simulation,1
100246711,Holdfast: Nations At War,N,N,https://store.steampowered.com/app/589290,Anvil Game Studios,Massively Multiplayer Online,1
100055211,Hollow Knight,N,Y,https://store.steampowered.com/app/367520,Team Cherry,Platformer,1
100195811,Homefront®: The Revolution,N,Y,https://store.steampowered.com/app/223100,Deep Silver,First-Person Shooter,1
100171411,Hot Lava,N,N,https://store.steampowered.com/app/382560,Klei Entertainment,Racing,1
100223511,House Flipper,N,N,https://store.steampowered.com/app/613100,"PlayWay S.A., Frozen District",Indie,1
100181011,Human: Fall Flat,N,N,https://store.steampowered.com/app/477160,Curve Digital,Puzzle,1
100162611,Hunt: Showdown,N,N,https://store.steampowered.com/app/594650,Crytek,First-Person Shooter,1
100261211,I’m not a Monster,N,N,https://store.steampowered.com/app/826600,Alawar Premium,Massively Multiplayer Online,1
100478211,Ice Age: Scrat's Nutty Adventure,N,N,https://store.steampowered.com/app/751060,Outright Games Ltd,Adventure,1
100155911,Idle Champions of the Forgotten Realms,N,N,https://store.steampowered.com/app/627690,Codename Entertainment Inc.,Adventure,1
100199211,Immortal: Unchained,N,N,https://store.steampowered.com/app/369440,Game Odyssey Limited,Adventure,1
100309311,Imperator: Rome,N,N,https://store.steampowered.com/app/859580,Paradox Interactive,Strategy,1
100276011,Infliction,N,N,https://store.steampowered.com/app/692100,Caustic Reality,Indie,1
100143311,Injustice™ 2,N,N,https://store.steampowered.com/app/627270,Warner Bros. Interactive Entertainment,Action,1
100246411,INSOMNIA: The Ark,N,N,https://store.steampowered.com/app/783170,HeroCraft,Role Playing,1
100058411,Insurgency,N,N,https://store.steampowered.com/app/222880,New World Interactive,Strategy,1
100189811,Insurgency: Sandstorm,N,N,https://store.steampowered.com/app/581320,Focus Home Interactive,First-Person Shooter,1
100192511,Into the Breach,N,N,https://store.steampowered.com/app/590380,Subset Games,Role Playing,1
100099711,Islands of Nyne: Battle Royale,N,N,https://store.steampowered.com/app/728540,Define Human Studios,Massively Multiplayer Online,1
100143511,Jurassic World Evolution™,Y,N,https://store.steampowered.com/app/648350,Frontier Developments Ltd.,Strategy,1
18656611,Kenshi,N,N,https://store.steampowered.com/app/233860,Lo-Fi Games,Role Playing,1
18102911,Kerbal Space Program,N,Y,https://store.steampowered.com/app/220200,Squad,Indie,1
100037611,Killing Floor 2,N,Y,https://store.steampowered.com/app/232090,Tripwire Interactive,Action,1
100053511,Kingdom Come: Deliverance,Y,N,https://store.steampowered.com/app/379430,Deep Silver,Action,1
100276211,Kingdom Rush Origins,N,N,https://store.steampowered.com/app/816340,Ironhide Game Studio,Strategy,1
100301511,Kingdom Two Crowns,N,N,https://store.steampowered.com/app/701160,Raw Fury,Strategy,1
100348311,KurtzPel,N,Y,https://store.steampowered.com/app/844870,KOG,Massively Multiplayer Online,1
100244211,Last Tide,N,N,https://store.steampowered.com/app/858590,Digital Confectioners,Massively Multiplayer Online,1
3883111,League of Legends,Y,Y,,Riot Games,Multiplayer Online Battle Arena,1
100037811,Left 4 Dead 2,N,Y,https://store.steampowered.com/app/550,Valve,First-Person Shooter,1
100194411,LEGO® Batman 2 DC Super Heroes™,N,N,https://store.steampowered.com/app/213330,Warner Bros. Interactive Entertainment,Adventure,1
100195311,LEGO® Batman: The Videogame,N,Y,https://store.steampowered.com/app/21000,Warner Bros. Interactive Entertainment,Adventure,1
100196411,LEGO® Batman™ 3: Beyond Gotham,N,Y,https://store.steampowered.com/app/313690,Warner Bros. Interactive Entertainment,Adventure,1
100236211,LEGO® DC Super-Villains,N,N,https://store.steampowered.com/app/829110,Warner Bros. Interactive Entertainment,Adventure,1
100194911,LEGO® Harry Potter: Years 1-4,N,Y,https://store.steampowered.com/app/21130,Warner Bros. Interactive Entertainment,Action,1
100196211,LEGO® Jurassic World,N,Y,https://store.steampowered.com/app/352400,Warner Bros. Interactive Entertainment,Action,1
100135011,LEGO® Marvel Super Heroes 2,N,N,https://store.steampowered.com/app/647830,Warner Bros. Interactive,Action,1
100196611,LEGO® MARVEL's Avengers,N,Y,https://store.steampowered.com/app/405310,Warner Bros. Interactive Entertainment,Action,1
100196311,LEGO® Marvel™ Super Heroes,N,Y,https://store.steampowered.com/app/249130,Warner Bros. Interactive Entertainment,Action,1
100208011,LEGO® The Incredibles,N,N,https://store.steampowered.com/app/818320,Warner Bros. Interactive Entertainment,Action,1
100264311,LEGO® Worlds,N,N,https://store.steampowered.com/app/332310,Warner Bros. Interactive Entertainment,Casual,1
100271211,Leisure Suit Larry - Wet Dreams Don't Dry,N,N,https://store.steampowered.com/app/765870,Assemble Entertainment,Adventure,1
100276511,Lethal League Blaze,N,N,https://store.steampowered.com/app/553310,Team Reptile,Action,1
17949011,Lineage® II,N,N,,NCSOFT,Massively Multiplayer Online,1
100476411,Little Big Workshop,N,N,https://store.steampowered.com/app/574720,"HandyGames, THQ Nordic",Simulation,1
100189711,Lonely Mountains: Downhill,N,N,https://store.steampowered.com/app/711540,Megagon industries,Racing,1
100037911,Mad Max,N,Y,https://store.steampowered.com/app/234140,Warner Bros. Interactive Entertainment,Adventure,1
100043311,Mafia III,N,N,https://store.steampowered.com/app/360430,2K Games,Adventure,1
100188011,Magic the Gathering: Arena,N,Y,,"Hasbro, Inc.",Puzzle,1
100186611,Mechwarrior 5: Mercenaries,N,N,,Piranha Games Inc.,Simulation,1
100140211,MEG 9: Lost Echoes,N,N,https://store.steampowered.com/app/405190,Skunkwerks Kinetic,Indie,1
100126811,Men of War: Assault Squad 2,N,N,https://store.steampowered.com/app/244450,1C Company,Strategy,1
100195711,Metro 2033 Redux,N,Y,https://store.steampowered.com/app/286690,Deep Silver,First-Person Shooter,1
100315611,Metro Exodus,N,Y,,Deep Silver,First-Person Shooter,1
100152311,Metro Exodus,N,Y,https://store.steampowered.com/app/412020,Deep Silver,First-Person Shooter,1
100196011,Metro: Last Light Redux,N,Y,https://store.steampowered.com/app/287390,Deep Silver,First-Person Shooter,1
100038211,Middle-earth™: Shadow of Mordor™,N,Y,https://store.steampowered.com/app/241930,Warner Bros. Interactive Entertainment,Action,1
100057511,Middle-earth™: Shadow of War™,N,Y,https://store.steampowered.com/app/356190,WB Games,Role Playing,1
100062611,Minecraft: Java Version,N,Y,,Microsoft Studios,Adventure,1
100354611,Minion Masters,N,N,https://store.steampowered.com/app/489520,BetaDwarf,Action,1
100313611,Miracle snack shop,N,N,https://store.steampowered.com/app/995460,"TALESSHOP Co., Ltd.",Indie,1
100304711,Monster Energy Supercross - The Official Videogame 2,N,N,https://store.steampowered.com/app/882020,Milestone S.r.l.,Racing,1
100566811,Monster Energy Supercross - The Official Videogame 3,N,N,https://store.steampowered.com/app/1089830,Milestone S.r.l.,Racing,1
100220011,Moonlighter,N,N,https://store.steampowered.com/app/606150,11 bit studios,Indie,1
100378511,Moons of Madness™,N,N,https://store.steampowered.com/app/1012840,Funcom,Indie,1
100346211,MORDHAU,N,N,https://store.steampowered.com/app/629760,Triternion,Indie,1
100310411,Mortal Kombat 11,N,Y,https://store.steampowered.com/app/976310,Warner Bros Interactive Entertainment,Action,1
15316111,Mortal Kombat X,N,N,https://store.steampowered.com/app/307780,Warner Bros. Interactive Entertainment,Action,1
100523811,Mosaic,N,N,https://store.steampowered.com/app/349270,Raw Fury Games,Indie,1
100071711,MOTHERGUNSHIP,N,N,https://store.steampowered.com/app/574090,Grip Digital,First-Person Shooter,1
100323311,MotoGP™19,N,N,https://store.steampowered.com/app/984780,Milestone S.r.l.,Racing,1
100062211,Mount & Blade,N,N,https://store.steampowered.com/app/22100,TaleWorlds Entertainment,Role Playing,1
17949211,Mount & Blade: Warband,N,N,https://store.steampowered.com/app/48700,TaleWorlds Entertainment,Role Playing,1
100299111,MUSYNX,N,N,https://store.steampowered.com/app/952040,Zodiac Interactive,Simulation,1
100290811,Mutant Year Zero: Road to Eden,N,N,https://store.steampowered.com/app/760060,Funcom,Strategy,1
100324011,MXGP 2019 - The Official Motocross Videogame,N,N,https://store.steampowered.com/app/1018160,Milestone S.r.l.,Racing,1
100269611,My Memory of Us,N,N,https://store.steampowered.com/app/651500,IMGN.PRO,Indie,1
100185211,My Time at Portia,N,N,https://store.steampowered.com/app/666140,Team17 Digital Ltd,Simulation,1
100253511,Myst III: Exile,N,N,https://store.steampowered.com/app/925930,Cyan Worlds Inc.,Casual,1
100253611,Myst IV: Revelation,N,N,https://store.steampowered.com/app/925940,Cyan Worlds Inc.,Puzzle,1
100206811,Myst V: End of Ages,N,N,https://store.steampowered.com/app/208110,Cyan Worlds Inc.,Puzzle,1
100206411,Myst® Masterpiece Edition,N,N,https://store.steampowered.com/app/63660,Cyan Worlds Inc.,Puzzle,1
100021511,Narcosis,N,N,https://store.steampowered.com/app/366870,"Honor Code, Inc.",Indie,1
100247111,NASCAR Heat 3,N,N,https://store.steampowered.com/app/905450,704 Games Company,Racing,1
100270711,NBA 2K Playgrounds 2,N,N,https://store.steampowered.com/app/726590,2K,Sports,1
100011211,NBA 2K17,N,N,https://store.steampowered.com/app/385760,2K,Sports,1
100128211,NBA 2K18,N,N,https://store.steampowered.com/app/577800,2K,Sports,1
100201511,NBA 2K19,N,Y,https://store.steampowered.com/app/841370,2K,Sports,1
100061011,Nex Machina,N,Y,https://store.steampowered.com/app/404540,Housemarque,Indie,1
100139811,Next Day: Survival,N,N,https://store.steampowered.com/app/519190,Last Level,Massively Multiplayer Online,1
100038411,No Man's Sky,N,Y,https://store.steampowered.com/app/275850,Hello Games,Action,1
100269811,Orwell: Keeping an Eye On You,N,N,https://store.steampowered.com/app/491950,Fellow Traveller,Adventure,1
100209511,Out of the Park Baseball 19,N,N,https://store.steampowered.com/app/619290,Out of the Park Developments,Sports,1
100196711,Outlast,N,N,https://store.steampowered.com/app/238320,Red Barrels,Action,1
100002611,Outward,N,N,https://store.steampowered.com/app/794260,Deep Silver,Action,1
100235911,Overcooked 2,N,N,https://store.steampowered.com/app/728880,Team17 Digital Ltd,Casual,1
100215111,OVERKILL's The Walking Dead,N,N,https://store.steampowered.com/app/717690,OVERKILL - A Starbreeze Studio,First-Person Shooter,1
100379511,Overland,N,N,https://store.steampowered.com/app/355680,Finji,Strategy,1
18113011,Overwatch,N,Y,,Blizzard Entertainment,Massively Multiplayer Online,1
100065611,Owlboy,N,N,https://store.steampowered.com/app/115800,D-Pad Studio,Indie,1
100142711,Oxygen Not Included,N,N,https://store.steampowered.com/app/457140,Klei Entertainment,Simulation,1
100022811,Paladins®,N,Y,https://store.steampowered.com/app/444090,"Hi-Rez Studios, Inc.",Action,1
100239911,"Papers, Please",N,N,https://store.steampowered.com/app/239030,3909,Indie,1
100299211,Parkitect,N,N,https://store.steampowered.com/app/453090,Texel Raptor,Simulation,1
100151511,Past Cure,N,N,https://store.steampowered.com/app/646050,Phantom 8,Action,1
100366111,Path of Exile,N,Y,,Grinding Gear Games,Massively Multiplayer Online,1
100233711,Pathfinder: Kingmaker® - Enhanced Edition,N,N,https://store.steampowered.com/app/640820,Deep Silver,Adventure,1
100349311,Pax Nova,N,N,https://store.steampowered.com/app/804850,Iceberg Interactive,Strategy,1
100039111,PAYDAY 2: Ultimate Edition,N,Y,https://store.steampowered.com/app/218620,"Starbreeze Publishing AB, 505 Games",First-Person Shooter,1
100209211,PC Building Simulator,N,N,https://store.steampowered.com/app/621060,The Irregular Corporation,Simulation,1
100186011,Phantom Doctrine,N,N,https://store.steampowered.com/app/559100,Good Shepherd Entertainment,Strategy,1
18104311,Pillars of Eternity,N,N,https://store.steampowered.com/app/291650,Paradox Interactive,Role Playing,1
100212911,Pillars of Eternity II: Deadfire,N,N,https://store.steampowered.com/app/560130,Obsidian Entertainment,Role Playing,1
100080311,PixARK,N,N,https://store.steampowered.com/app/593600,Snail Game,Strategy,1
100319611,Plane Mechanic Simulator,N,N,https://store.steampowered.com/app/803980,"Movie Games S.A., PlayWay S.A.",Casual,1
100246111,PLANET ALPHA,N,N,https://store.steampowered.com/app/485030,Team17 Digital Ltd,Platformer,1
100102911,Planet Coaster®,N,N,https://store.steampowered.com/app/493340,Frontier Developments,Strategy,1
100267511,Planet Zoo,N,N,https://store.steampowered.com/app/703080,Frontier Developments,Strategy,1
17943811,PlanetSide 2,N,N,https://store.steampowered.com/app/218230,Daybreak Game Company,Massively Multiplayer Online,1
100304511,Planetside Arena,N,N,https://store.steampowered.com/app/987350,Daybreak Game Company,Massively Multiplayer Online,1
100059711,PLAYERUNKNOWN'S BATTLEGROUNDS,Y,Y,https://store.steampowered.com/app/578080,PUBG Corporation,First-Person Shooter,1
100167211,PLAYERUNKNOWN'S BATTLEGROUNDS Test Server,Y,N,https://store.steampowered.com/app/622590,PUBG Corporation,Massively Multiplayer Online,1
18113211,Portal 2,N,Y,https://store.steampowered.com/app/620,Valve,First-Person Shooter,1
100138311,Portal™,N,N,https://store.steampowered.com/app/400,Valve,Action,1
100238511,Post Scriptum,N,N,https://store.steampowered.com/app/736220,Offworld Industries,Massively Multiplayer Online,1
100514311,Praetorians - HD Remaster,N,N,https://store.steampowered.com/app/1100420,Kalypso Media Group,Strategy,1
100320111,Praey for the Gods,N,N,https://store.steampowered.com/app/494430,No Matter Studios,Indie,1
100047711,Prey®,N,Y,https://store.steampowered.com/app/480490,Bethesda Softworks,First-Person Shooter,1
17944011,Project CARS,N,N,https://store.steampowered.com/app/234630,Slightly Mad Studios,Racing,1
100128311,Project CARS 2,N,N,https://store.steampowered.com/app/378860,BANDAI NAMCO Entertainment,Racing,1
100263311,Project Winter,N,N,https://store.steampowered.com/app/774861,Other Ocean,Casual,1
100203811,PUBG: Closed Experimental Server,N,N,https://store.steampowered.com/app/813000,PUBG Corporation,Massively Multiplayer Online,1
100272011,Pummel Party,N,N,https://store.steampowered.com/app/880940,Rebuilt Games,Action,1
100184611,Pure Farming 2018,N,N,https://store.steampowered.com/app/534370,Techland Publishing,Simulation,1
100067411,Pyre,N,N,https://store.steampowered.com/app/462770,Supergiant Games,Role Playing,1
100132411,Q.U.B.E. 2,N,N,https://store.steampowered.com/app/359100,Trapped Nerve Ltd,Action,1
100349211,Quake II RTX,N,N,https://store.steampowered.com/app/1089130,NVIDIA Corporation,First-Person Shooter,1
100060811,Quake® Champions,Y,N,https://store.steampowered.com/app/611500,Bethesda Softworks,First-Person Shooter,1
100523111,Race With Ryan,N,N,https://store.steampowered.com/app/1054990,Outright Games Ltd,Racing,1
100365111,RAD,N,N,https://store.steampowered.com/app/722560,BANDAI NAMCO Entertainment America Inc.,Action,1
100205411,Raft,N,N,https://store.steampowered.com/app/648800,Axolot Games,Adventure,1
100249611,RAGE 2,N,N,,Bethesda Softworks LLC,First-Person Shooter,1
100222511,RAGE 2,N,N,https://store.steampowered.com/app/548570,Bethesda Softworks LLC,First-Person Shooter,1
100139711,RAID: World War II,N,N,https://store.steampowered.com/app/414740,Starbreeze Publishing AB,Role Playing,1
100209011,Ravenfield,N,N,https://store.steampowered.com/app/636480,SteelRaven7,Action,1
100161511,Realm Grinder,N,N,https://store.steampowered.com/app/610080,Kongregate,Strategy,1
100221711,Realm Royale,N,Y,https://store.steampowered.com/app/813820,Hi-Rez Studios,Massively Multiplayer Online,1
100206111,realMyst: Masterpiece Edition,N,N,https://store.steampowered.com/app/244430,Cyan Worlds Inc.,Puzzle,1
100271011,Reigns: Game of Thrones,N,N,https://store.steampowered.com/app/897820,Devolver Digital,Adventure,1
100251111,Remnant: From the Ashes,N,N,https://store.steampowered.com/app/617290,Perfect World Entertainment,Action,1
100215311,Rend,N,N,https://store.steampowered.com/app/547860,Frostkeep Studios,Indie,1
100271511,RIDE 3,N,N,https://store.steampowered.com/app/759740,Milestone S.r.l.,Racing,1
100079611,RiME,N,Y,https://store.steampowered.com/app/493200,Grey Box,Puzzle,1
100155011,RimWorld,N,N,https://store.steampowered.com/app/294100,Ludeon Studios,Indie,1
100196111,Risen 3 - Titan Lords,N,Y,https://store.steampowered.com/app/249230,Deep Silver,Role Playing,1
100072711,Rising Storm 2: Vietnam,N,N,https://store.steampowered.com/app/418460,Tripwire Interactive,Massively Multiplayer Online,1
100206311,Riven: The Sequel to MYST,N,N,https://store.steampowered.com/app/63610,Cyan Worlds Inc.,Puzzle,1
17034111,Rocket League®,N,Y,https://store.steampowered.com/app/252950,"Psyonix, inc.",Arcade,1
100567011,Rugby 20,N,N,https://store.steampowered.com/app/846730,Bigben Interactive,Sports,1
100240011,Russian Fishing 4,N,N,https://store.steampowered.com/app/766570,Russian Fishing,Massively Multiplayer OnlineRole Playing,1
18105111,Rust,N,Y,https://store.steampowered.com/app/252490,Facepunch Studios,Adventure,1
100195911,Sacred 3,N,Y,https://store.steampowered.com/app/247950,Deep Silver,Role Playing,1
100220111,Salt and Sanctuary,N,N,https://store.steampowered.com/app/283640,Ska Studios,Role Playing,1
100202711,SCP: Secret Laboratory,N,N,https://store.steampowered.com/app/700330,Northwood Studios,First-Person Shooter,1
100184811,SCUM,N,Y,https://store.steampowered.com/app/513710,Devolver Digital,Massively Multiplayer Online,1
100230111,Sekiro™: Shadows Die Twice,N,Y,https://store.steampowered.com/app/814380,"Activision, Inc",Action,1
100075611,Semblance,N,N,https://store.steampowered.com/app/700160,Good Shepherd Entertainment,Puzzle,1
100352711,Session: Skateboarding Sim Game,N,N,https://store.steampowered.com/app/861650,Crea-ture Studios,Sports,1
100039511,Shadow Warrior 2,N,Y,https://store.steampowered.com/app/324800,Devolver Digital,First-Person Shooter,1
100223111,Shadowrun Returns,N,N,https://store.steampowered.com/app/234650,Harebrained Schemes,Strategy,1
100233511,Shenmue I & II,N,N,https://store.steampowered.com/app/758330,SEGA,Role Playing,1
100358411,Shenmue III,N,N,,Deep Silver,Adventure,1
100007011,Sid Meier’s Civilization® VI,N,Y,https://store.steampowered.com/app/289070,2K Games,Strategy,1
100030311,Sid Meier's Civilization® V,N,Y,https://store.steampowered.com/app/8930,2K Games,Strategy,1
100368711,Silver Chains,N,N,https://store.steampowered.com/app/975470,Headup,Adventure,1
100409411,Skybolt Zack,N,N,https://store.steampowered.com/app/909670,Green Man Gaming,Arcade,1
100188611,Slay the Spire,N,N,https://store.steampowered.com/app/646570,Mega Crit Games,Strategy,1
100039711,SMITE®,N,N,https://store.steampowered.com/app/386360,Hi-Rez Studios,Multiplayer Online Battle Arena,1
18114211,Sniper Elite 3,N,N,https://store.steampowered.com/app/238090,Rebellion,Adventure,1
18545611,Sniper Elite 4,N,N,https://store.steampowered.com/app/312660,Rebellion,Action,1
100348411,Sniper Elite V2 Remastered,N,N,https://store.steampowered.com/app/728740,Rebellion,First-Person Shooter,1
100244411,SOMA,N,N,https://store.steampowered.com/app/282140,Frictional Games,Adventure,1
100143111,Sonic Forces,N,N,https://store.steampowered.com/app/637100,SEGA,Adventure,1
100155111,Sonic Mania,N,N,https://store.steampowered.com/app/584400,SEGA,Arcade,1
100205111,SOULCALIBUR™ VI,N,N,https://store.steampowered.com/app/544750,Bandai Namco Entertainment,Arcade,1
100196911,SoulWorker,N,N,https://store.steampowered.com/app/630100,Gameforge 4D GmbH,Action,1
100057811,Space Engineers,N,Y,https://store.steampowered.com/app/244850,Keen Software House,Simulation,1
100230711,Space Hulk: Tactics,N,N,https://store.steampowered.com/app/492230,Focus Home Interactive,Strategy,1
100063311,Spacelords,Y,N,https://store.steampowered.com/app/436180,MercurySteam,Adventure,1
100068011,SpellForce 3,N,N,https://store.steampowered.com/app/311290,THQ Nordic,Role Playing,1
100354111,SpellForce 3: Soul Harvest,N,N,https://store.steampowered.com/app/817540,THQ Nordic,Role Playing,1
100137911,Spintires: MudRunner,N,N,https://store.steampowered.com/app/675010,Focus Home Interactive,Racing,1
100348011,Splitgate: Arena Warfare,N,N,https://store.steampowered.com/app/677620,1047 Games,First-Person Shooter,1
100209111,SpyParty,N,N,https://store.steampowered.com/app/329070,Chris Hecker,Simulation,1
100365711,Spyro™ Reignited Trilogy,N,N,https://store.steampowered.com/app/996580,Activision,First-Person Shooter,1
100045311,Squad,N,N,https://store.steampowered.com/app/393380,Offworld Industries,Strategy,1
100199311,Star Control®: Origins,N,N,https://store.steampowered.com/app/271260,Stardock Entertainment,Strategy,1
100154311,"Star Wars: Battlefront 2 (Classic, 2005)",N,N,https://store.steampowered.com/app/6060,Disney Interactive,Action,1
100140811,STAR WARS™ - Knights of the Old Republic™,N,N,https://store.steampowered.com/app/32370,"Disney Interactive, Lucasfilm",Adventure,1
100040111,Starbound,N,N,https://store.steampowered.com/app/211820,Chucklefish,Indie,1
17945511,StarCraft II®,N,Y,,Blizzard Entertainment,Strategy,1
100062811,StarCraft® Remastered,N,N,,Activision Blizzard,Multiplayer Online Battle Arena,1
18114411,Stardew Valley,N,Y,https://store.steampowered.com/app/413150,Chucklefish,Indie,1
100209311,Startup Company,N,N,https://store.steampowered.com/app/606800,Hovgaard Games,"Casual,1
100021711,Steam®,N,Y,https://store.steampowered.com/app/,Valve Corporation,Platform,1
18278011,Stellaris,N,N,https://store.steampowered.com/app/281990,Paradox Interactive,Strategy,1
100482711,Still There,N,N,https://store.steampowered.com/app/1063490,Iceberg Interactive,Puzzle,1
100201411,Strange Brigade,N,N,https://store.steampowered.com/app/312670,Rebellion,Action,1
18315311,Subnautica,N,N,https://store.steampowered.com/app/264710,Unknown Worlds,Adventure,1
100318611,Subnautica: Below Zero,N,N,https://store.steampowered.com/app/848450,Unknown Worlds Entertainment,Indie,1
100220211,Sundered,N,N,https://store.steampowered.com/app/535480,Thunder Lotus Games,Platformer,1
100263111,Sunset Overdrive,N,N,https://store.steampowered.com/app/847370,Microsoft Studios,First-Person Shooter,1
100072111,Super Mega Baseball 2,N,N,https://store.steampowered.com/app/414870,Metalhead Software Inc.,Sports,1
100183711,Surviving Mars,N,N,https://store.steampowered.com/app/464920,Paradox Interactive,Strategy,1
100184311,Switchblade,Y,N,https://store.steampowered.com/app/585630,Lucid Publishing Ltd,Multiplayer Online Battle Arena,1
100057911,Tabletop Simulator,N,N,https://store.steampowered.com/app/286160,Berserk Games,Casual,1
100069811,Tacoma,N,Y,https://store.steampowered.com/app/343860,Fullbright,Indie,1
18114511,Team Fortress 2,N,Y,https://store.steampowered.com/app/440,Valve,"Action,1
100332711,Team Sonic Racing™,N,N,https://store.steampowered.com/app/785260,SEGA,Racing,1
18319211,TEKKEN 7,Y,Y,https://store.steampowered.com/app/389730,BANDAI NAMCO Entertainment,Arcade,1
17945611,TERA,N,N,https://store.steampowered.com/app/323370,En Masse Entertainment,Action,1
100483111,Terminator: Resistance,N,N,https://store.steampowered.com/app/954740,Reef Entertainment,Action,1
17949811,Terraria,N,Y,https://store.steampowered.com/app/105600,Re-Logic,Action,1
100220611,The Bard's Tale IV,N,N,https://store.steampowered.com/app/566090,inXile Entertainment,Role Playing,1
100393811,The Bradwell Conspiracy,N,N,https://store.steampowered.com/app/421790,Bossa Studios,Indie,1
100095311,The Crew® 2,N,Y,,Ubisoft,Massively Multiplayer Online,1
100154211,The Crew® 2,N,Y,https://store.steampowered.com/app/646910,Ubisoft,Massively Multiplayer Online,1
17945911,The Crew™,N,N,,Ubisoft,Racing,1
100154111,The Crew™,N,N,https://store.steampowered.com/app/241560,Ubisoft,Racing,1
100081211,The D.R.G. Initiative,Y,N,https://store.steampowered.com/app/613580,Slingshot Cartel,Action,1
100208311,The Darkness II,N,N,https://store.steampowered.com/app/67370,2K Games,Adventure,1
8843111,The Elder Scrolls V: Skyrim,N,Y,https://store.steampowered.com/app/72850,Bethesda Softworks,Role Playing,1
100010811,The Elder Scrolls V: Skyrim Special Edition,N,Y,https://store.steampowered.com/app/489830,Bethesda Softworks,Role Playing,1
11154111,The Elder Scrolls® Online: Elsweyr,N,Y,https://store.steampowered.com/app/306130,Bethesda Softworks,Massively Multiplayer Online,1
100128411,The Evil Within 2,N,N,https://store.steampowered.com/app/601430,Bethesda Softworks,Adventure,1
100474711,The Fisherman - Fishing Planet,N,N,https://store.steampowered.com/app/1072480,Bigben Interactive,Massively Multiplayer Online,1
100028911,The Forest,N,N,https://store.steampowered.com/app/242760,Endnight Games Ltd,First-Person Shooter,1
100244111,The Golf Club™ 2019 featuring PGA TOUR,N,N,https://store.steampowered.com/app/695290,2K,Strategy,1
100331011,The Isle,N,N,https://store.steampowered.com/app/376210,Afterthought LLC,Action,1
100236711,The Jackbox Party Pack 3,N,N,https://store.steampowered.com/app/434170,"Jackbox Games, Inc.",Casual,1
100246911,THE KING OF FIGHTERS '98 ULTIMATE MATCH FINAL EDITION,N,N,https://store.steampowered.com/app/222420,SNK CORPORATION,Arcade,1
100523711,The Legend of Bum-Bo,N,N,https://store.steampowered.com/app/1148650,Edmund McMillen,Adventure,1
100287211,The Legend of Heroes: Trails of Cold Steel,N,N,https://store.steampowered.com/app/538680,"XSEED Games, Marvelous USA, Inc.",Adventure,1
100194511,The LEGO® Movie - Videogame,N,N,https://store.steampowered.com/app/267530,Warner Bros. Interactive Entertainment,Adventure,1
100311411,The LEGO® Movie 2 Videogame,N,N,https://store.steampowered.com/app/881320,Warner Bros. Interactive Entertainment,Casual,1
100134711,The LEGO® NINJAGO® Movie Video Game,N,N,https://store.steampowered.com/app/640590,Warner Bros. Interactive Entertainment,Adventure,1
100104511,The Long Dark,N,N,https://store.steampowered.com/app/305620,Hinterland Studio Inc.,Simulation,1
100060911,The Surge,N,Y,https://store.steampowered.com/app/378540,Focus Home Interactive,Role Playing,1
100282611,The Surge 2,N,N,https://store.steampowered.com/app/644830,Focus Home Interactive,Action,1
100219711,"Warhammer 40,000: Inquisitor - Martyr",N,N,https://store.steampowered.com/app/527430,NeocoreGames,Role Playing,1
100355011,"Warhammer 40,000: Inquisitor - Prophecy",N,N,https://store.steampowered.com/app/1042800,NeocoreGames,Role Playing,1
100271311,"Warhammer 40,000: Mechanicus",N,N,https://store.steampowered.com/app/673880,Kasedo Games,Strategy,1
100321711,Warhammer: Chaosbane,N,N,https://store.steampowered.com/app/774241,Bigben Interactive,Adventure,1
18106411,Warhammer: End Times - Vermintide,N,N,https://store.steampowered.com/app/235540,Fatshark,Indie,1
100165911,Warhammer: Vermintide 2,N,N,https://store.steampowered.com/app/552500,Fatshark,Indie,1
100270611,WARRIORS OROCHI 4,N,N,https://store.steampowered.com/app/831560,"KOEI TECMO GAMES CO., LTD.",Action,1
99999411,Watch_Dogs® 2,N,N,,Ubisoft,Adventure,1
100163211,Watch_Dogs® 2,N,Y,https://store.steampowered.com/app/447040,Ubisoft,Action,1
100186311,Watch_Dogs™,N,N,,Ubisoft,Adventure,1
100182011,Watch_Dogs™,N,N,https://store.steampowered.com/app/243470,Ubisoft,Action,1
18078811,We Happy Few,N,N,https://store.steampowered.com/app/320240,Compulsion Games,Indie,1
100209611,Welcome to the Game II,N,N,https://store.steampowered.com/app/720250,Reflect Studios,Simulation,1
100201311,Will To Live Online,N,N,https://store.steampowered.com/app/707010,AlphaSoft LLC,Massively Multiplayer Online,1
100065811,Wolfenstein® II: The New Colossus™,N,N,https://store.steampowered.com/app/612880,Bethesda Softworks,First-Person Shooter,1
10591111,Wolfenstein®: The New Order,N,N,https://store.steampowered.com/app/201810,Bethesda Softworks,First-Person Shooter,1
100102511,Wolfenstein®: The Old Blood™,N,N,https://store.steampowered.com/app/350080,Bethesda Softworks,First-Person Shooter,1
100281311,Wolfenstein®: Youngblood,N,Y,,Bethesda Softworks,First-Person Shooter,1
100333411,Wolfenstein®: Youngblood,N,Y,https://store.steampowered.com/app/1056960,Bethesda Softworks,First-Person Shooter,1
